utility	correct	pd	unit	converting	city	response	tga	iii
done	mapping	human	whole	curve	math	sciences	smaller	rectangular	bezier	28	inside	along	area	cool	patch	solve	body	background	loop	somewhere	cell	individual	sake	algo	rendered	stay	bounded	mesh	splitting
words	displaying	correct	levels	eng	certain	signal	expires	filter	maryland	response	digitizing	appear	linear	supposed	tv	intensity	park	grey	monitor	encoding	05	brightness	coded
displaying	didn	ago	took	64	levels	sciences	friend	gray	plus	kenneth	al	seconds	precision	csc	campbell	sloan	alabama	jon	hall	grey	exposure	photos	reduces
recently	company	interesting	mind	spot	vr	although	mike	link	columbia	mp	selling	bc
24x	et	slight	difference
whether	rumours	displaying	couple	compact	showing	qt	centris	saying	service	cambridge	clock	processor	talking	against	movies	mips	unit	dithering	ps	slower	rom	philips	mhz	codec	colour	rate	30fps	mike	williams
times	game	life	dave	cpu	across	vr	renderer	assembly	320x200	13h	engineer	wustl	wuarchive	txt	toronto	fill	inline	sunee	extensions	uwaterloo	psychology	stephen	utas	calling	triangle
depth	wondering	associated	scenes	textures	coronado	wollongong	noel	appearing	uow	emmanuel	g9134255	fonts	abad	nsw	traced	wampyr
pointers	bottom	professional	ohio	fashion	acs	ge	designers	million	wang	magnus
everyone	deal	ideas	months	failed	technique	los	angeles	caspian	spent	zyeh	yeh	solving	zhenghao	ellipse	southern	share	solved	offset
acm	1993apr19	serious	34	months	84	editor	home	77	578	152	nikolaos	lance	announce	finished	student	participate	fotis	theseas	halandri	esperidon	ariadne	chapter	nick	gr	greece	athens	greetings	ntua	mcsun
words	man	goes	takes	page	won	certainly	philosophical	nova	39	options	load	sort	defined	significance	deal	took	designed	trouble	pd	allen	fact	saying	worse	poor	job	fair	amount	mine	simplicity
appreciate	graphic	knows	kenneth	pass	ken	anyways
pl8	came	life	philosophical	everything	showing	suggestions	significance	took	bytes	ulrich	toppoint	galki	makes	significant	universe	spec	according	finally	specification	samson	kih	joachim	exposure	lous	sheep
references	acm	curve	geometric	curves	bezier	disclaimer	views	poster	cross	vnet	vol	july	pp	1989	represents	435	950	corp
done	whether	pointers	services	tom	whose	graphical	thought	vector	thanx	plotting	representation	home	office	san	gnuplot	philosophy	619	sdsu	diego	arrays	vectors
33	fractal	mapping	human	44	life	location	simon	trouble	texture	seem	grasp	wrong	white	purpose	textures	palette	povray	landscape	direction	camera	infinite	shapes	soul	burnaby	finite	north
words	always	looks	van	living	room	ruu	iff	breath	hanging	rick	watson	colour	scanned	ie	utrecht	tend	mapped	louis	ames	arc	clldomps	okay	ricky	feeling	turner	dompselaar	skin	dm
cheap	386	movie	computers	put	friend	thanx	class	physical	cosmic	richard	relatively
26	cheap	client	brian	39	twice	simply	defined	living	pascal	bug	england	core	modules	486	bugs	street	west	mips	nothing	micro	cool	dogfight	dactyl	focus	sparcstation	uunet	ltd	variable	multiverse
recently	wayne	etna	indicates	eicn
informatik	technische
26	cheap	client	twice	simply	defined	living	bug	england	core	modules	486	bugs	street	west	mips	nothing	micro	dogfight	dactyl	focus	sparcstation	uunet	ltd	variable	multiverse	pariah	x5543	survive	courage
companies	effect	manufacturers	bus	become	lots	chips	local	pitt
386	starting	price	eng	exchange	canberra	play	therefore	sci	acceptable	student	trident	warranty	budget
exactly	checked	solution	seattle	loss	bitnet	edward	geometry	trivial	straightforward	fitting	gems	carson	milton	bolson	206	embarassing	preferred	immediately	543	boy	mercy	cardiovascular	farin	4535	max	coplanar
looks	within	helps	short	takes	certainly	life	options	down	38	smaller	advantage	job	care	gives	dithering	dirty	specified	fit	wide	white	print	netherlands	automatically	below	printed	x11r4	stein	x11r5	lpr
game	fairly	smith	cso	joseph	ux4	rourke	ma	orourke	sophia	b5l	c5n3x0	adamski	northampton	lucas	osprey
keep	york	until	wayne	diego	grass	ic	stupid	requested	reason
rumours	recently	motion	international	future	expect	mentioned	anyway	labs	provided	capabilities	levels	section	started	cross	although	vnet	rchland	hernandez	cool	tricks	potential	philips	binary	laboratories	magazine	mention	forum	speaking	media
helps	fractal	computers	dr	title	worse	fractals	fair	thanx	berkeley	technique	intro	al	iterated	monash	covers	barnsley	et	pacific	kubota
pl8	solution	created	edward	love	tga	ati	pro	povray	cjpeg	winjpeg	darn	santa	diamond	ultra
major	sound	correct	switch	wasn	gifs	guess	comes	rahul	320x200	bryanw	bryan	bolero	a2i	lost	woodworth	exists	1993apr17	glad
26	van	determine	laboratory	hand	quick	parameters	fitting	left	numerical	solve	error	electronics	average	spherical	equation	physics
parallel	structure	international	utility	originator	150	35	61	australian	started	looked	storage	canberra	06	readers	hdf	0200	crop	ncsa	odd	facility	buchhorn	hence	2490747	ta	2492930	markus	anu	turned	approaches
interesting	van	eng	gifs	west	direct	lee	uci
words	always	company	didn	man	van	living	1993apr19	took	room	generated	ruu	breath	hanging	hours	build	soon	unlikely	printing	sue	utrecht	appear	beware	louis	competing	richard	clldomps	hundreds	feeling	satellite
rumours	motion	compact	qt	5000	centris	service	against	mips	calculations	corporation	frames	efficient	mhz	manager	200	48	codec	uci	oac	20mhz	equipment	assuming	barris	sec	multimedia	orion	stacks	18974	base
hard	services	exactly	checked	define	solution	loss	math	easier	38	edward	geometry	leave	gives	trivial	shouldn	straightforward	fitting	gems	carson	bolson	distance	contains	pass	planes	241	embarassing	guest	immediately	netcom
international	whose	effect	transform	turn	creates	along	focus	yuv	wisdom	knowledge	internal	analog	zoom	rotation	lance	netcom	reverse	hsv	wild	monitor	truly	foundation	mathematically
pointers	particular	whole	resulting	whose	47	sets	mouse	apply	excellent	digitize	ways	ideas	notice	significant	drawings	errors	converts	upon	unknown	solving	digitizing	scanned	printing	reproduction	cursor	soul	saves	satisfactory	differential
26	needs	always	open	goes	keep	mind	bug	situation	saw	poor	leave	serious	drive	anymore	ok	rahul	unless	important	regarding	improve	ie	bryanw	bryan	bolero	kevin	a2i	careful	decoding	pointing
words	whether	long	within	33	couple	open	man	references	exactly	page	won	interesting	mind	tom	129	compact	everything	curve	light	geometric	simon	ago	determine	april	dave	labs	england	mean	early
always	within	helps	parallel	structure	didn	manual	pl8	short	apr	game	keep	mind	39	description	showing	later	enjoy	price	pascal	dimensional	easier	clipping	offer	scaling	recommend	explain	perspective	makes	contain
parallel	pointers	appreciate	44	life	due	major	isn	light	cannot	simon	wondering	deal	correct	move	highly	england	transform	appears	away	certain	complex	viewpoint	shape	centre	calculations	assume	bill	distance	photographic
simply	1993apr19	companies	bitnet	29	grasp	myself	sells	iff	wisdom	knowledge	jpg	speaking	300	extract	ext	clp	baron	afraid
services	generate	western	cross	replies	oz	becomes	nn
long	rumours	believe	published	ago	show	mean	months	turbo	magazine	spent	impressive	minutes	noticed	vis	tv	clearly	designers	shown	horsepower	issue	ces
times	came	tom	philosophical	suggestions	significance	ulrich	toppoint	galki	six	nj	td	nine	laboratories	alice	duff	hill	25335	att	forty	bell	murray
pl8	came	philosophical	sort	suggestions	significance	sound	ulrich	once	toppoint	galki	brunel	se92psh	theory	thinking	kih	joachim	hauke	lous	uxbridge
26	whether	specific	nova	cause	names	everyone	dr	allen	misc	overkill	almost	ufl	heavy	happier	circa	vs	dislike	apps	alt	rogers	lioness	maple	discussing
apr	won	clock	proprietary	patrick	diamond	07
pl8	otherwise	taking	platform	os	independent	ascii	gs	character	bitmapped	recognition	characters	erich	parts
appreciate	goes	knows	everyone	away	creates	ufl	contour	plotting	spend	boundaries	response	fl	artifacts	trial	money	borders	soil
pointers	references	services	129	originator	guess	says	thanx	89	division	mini	databases	introductory	wisconsin	padmini	srivathsa
brian	design	computers	47	dr	modeling	ohio	ram	matrix	materials	efficient	cleveland	49	physical	engineer	216	oh	mr	williams	75	rd	ge	registration	molecular	practical	jay	aircraft	integrated	johnston	seminar
words	whether	cheap	client	takes	add	interesting	mapping	easily	certainly	future	due	spot	basic	major	location	load	light	cannot	everyone	enjoy	determine	living	thought	sound	designed	move	provided	texture	mean
helps	published	appears	unit	tdawson	ready	corporation	daemon	intro	christopher	compiled	al	herringshaw	mapped	star	tracer	wars	dimensions	repeat	llullaillaco	stephen	huntsville	sharp
long	short	apr	page	published	numbers	april	gmt	5000	types	65	four	voice	regular	vr	papers	exchange	materials	present	structures	expires	division	md	maryland	04	purpose	progress	widely	received	considered
needs	depth	specific	brian	everything	sort	everyone	enjoy	wants	misc	often	overkill	almost	netters	myself	ufl	reads	os	spend	architecture	discussion	raytracing	difficult	oriented	mailing	sprites	cfd	ability	happier	24x
western	reserve	piece	cleveland	oh	freenet	voxel	paint	cwru	hela	ins
needs	recently	graphic	references	looked	favorite	ati	decide	especially	eisa	gup	planning	comparisons	switzerland	vlb	mb
displaying	libraries	5000	surfaces	required	alone	stand	xlib	numerous	providing	khoros	nswc
page	separate	service	capture	store	640x480	printed	extract	sales	film	express	operation	pull	bureau	eps	suite	separation
appreciate	add	specific	easily	names	laboratory	offer	separate	respond	voice	care	workstation	avoid	developing	capability	helpful	kenneth	interest	impressive	vendors	ken	vendor	virginia	purchasing	maintaining
sciences	excellent	devices	rs	doug	tx	6000	lockheed	aix	terminals	lpr	jsc	hewlett	houston	reasonably	gks
utility	cannot	show	nz	pd	generate	welcome	contain	creates	ram	grasp	filter	directories	kinds	palette	usually	commonly	1993apr20	hamlab	clp	converters	aminet	gfx
needs	looks	parallel	33	short	supposedly	define	resulting	defined	solution	seattle	math	vector	bitnet	implementation	sets	edward	products	taking	require	cross	matrix	favor	gems	carson	milton	numerical	bolson	206	intersection
personally	tdawson	wrong	feel	daemon	favor	forum	herringshaw	curious	learn	hell	proposed	putting	discussing
displaying	tried	created	bmp	paint	mexico	nmsu
long	times	pointers	takes	fractal	nova	supposedly	claim	150	numbers	loss	early	allen	fractals	piece	notice	compress	considerably	hours	improved	rigel	romanick	idr	impressed	hell	ian	1988	pdxgate	exact	typical
33	tried	31	utility	twice	checked	cannot	sort	1993apr19	room	vision	adobe	51	ruu	informatik	contour	depending	platform	american	03	sparcstation	edit	specifically	progress	01	boxes	netherlands	converts	manipulate	average
26	recently	parallel	appreciate	didn	manual	believe	hard	came	mentioned	claim	asked	64	literature	store	workstation	gray	port	usual	signal	los	angeles	na	japan	describes	print	initial	expensive	sales	addition
done	haven	cheap	believe	tried	won	define	isn	fairly	switch	wants	until	disclaimer	poster	single	port	devices	allow	shouldn	christopher	unfortunately	errors	internal	cost	bob	worry	harris	aren	pointing	external
checked	simply	resulting	comments	clipping	rectangular	welcome	against	usual	necessarily	coronado	wollongong	extending	finding	noel	algo	uow	emmanuel	simpler	vertices	g9134255	abad	nsw	splitting	wampyr
tried	seattle	provided	nz	vision	basically	wa	recent	rick	216	unknown	received	paul	boeing	pdbourke	bourke	bcstec	ccu1	bounces
structure	couple	appreciate	goes	apr	specific	easily	libraries	comparison	ago	comments	happy	gmt	personally	implementation	products	low	28	bill	wisdom	lib	56	216	experience	editing	phigs	dislike	portable
whether	within	curve	professional	curves	bezier	completely	shelley	intersection	collection	closed	abstract	lies	fonts	bounded
rumours	keep	determine	dave	developing	sells	300	aimla	optimla	concept	shown	pitt	developers	success	ces
helps	client	add	originator	load	anyway	explain	leave	tdawson	daemon	herringshaw	background	assuming	xloadimage	till	llullaillaco	terminal
recently	manual	won	life	comparison	wondering	capabilities	pages	become	hundred	freeware	terminal	utas
libraries	joseph	dxf	assist	autocad
parallel	33	structure	international	utility	originator	150	35	61	section	otherwise	explain	australian	storage	canberra	06	readers	hdf	0200	pbmplus	crop	ncsa	odd	facility	buchhorn	2490747	ta	suns	visualisation	2492930
man	1992	pascal	61	scaling	perspective	51	centre	grasp	him	turbo	assembly	according	july	included	raytracing	lib	specifically	cut	monash	games	inline	terry	greetings
needs	open	hard	references	international	basic	happy	labs	visual	rs	regarding	office	6000	databases	mostly	000	introductory	wisconsin	installed	wang	padmini	ones	srivathsa
acm	geometric	provided	dimensional	literature	title	smith	advantage	joseph	papers	shape	286	pages	structures	representation	triangulation	rourke	caspian	zyeh	ma	orourke	yeh	mathematica	zhenghao	sophia	hundreds	northampton	delaunay	month
haven	knows	thought	professional	seem	wants	models	ideas	dxf	mailing	import	patrick	btw	translator	operate
386	loss	almost	486	fractals	taking	centre	40	compress	iterated	alone	sue	ratios	decompression	70	25mhz	manchester	mcc
31	certainly	386	starting	due	whole	define	load	anyway	fairly	telling	rectangular	functionality	put	processor	286	completely	areas	quick	trivial	myself	assembly	dirty	intro	enter	included	13h	perhaps	purposes	intended
looked	ee	shelley	bmp	xview	downloaded	luck
helps	interesting	tom	computers	graphical	numbers	stored	surfaces	extension	shelley	describes	01	doug	header	hudson	except	v2	atari	triangle	3ds
words	needs	long	recently	looks	fractal	31	whole	compact	movie	later	york	happy	thought	took	down	poor	excellent	welcome	generated	drive	six	converting	mine	nine	simplicity	released	seconds	v1	hours
acm	1992	dr	solution	35	bytes	clipping	65	generic	papers	failed	vol	topic	japan	july	follows	mr	lockheed	regards	hudson	gw	detailed	road	faculty	ku	tokyo	communication	river
appreciate	didn	basic	1993apr19	rectangular	turn	unit	wireframe	texas	interest	whatever	tamu	grid	thru	again	removed	fortran	afraid
didn	graphic	later	wondering	nz	saw	x11	prove	povray	victoria	outputs	zealand	nobody
haven	graphic	description	plain	pascal	ps	direct	specification	compressed	inf	articles	germany	uncompressed	furthermore	huffman
originator	bug	informatik	640x480	inf	moment	technische	germany	cv	muenchen	matrox	feature
company	human	easily	future	designed	respond	modeling	directly	complex	generic	choose	manufacturers	bus	tx	heart	analog	purchase	eisa	operating	standards	houston	matrox	concerned
design	models	regular	clock	serious	patterns	print	rotation	spherical	alt	53	280
haven	mentioned	montreal	thread
done	times	knows	vector	often	telling	direction	polytechnic	autocad	senior	anyways
needs	done	long	displaying	always	looks	times	within	33	company	haven	cheap	structure	couple	manual	believe	client	open	man	graphic	tried	short	services	takes	particular	exactly	fractal	add	apr	page
needs	comparison	comments	bugs	street	considerably	illinois	slower	review	chicago	qc	312	3426	210	east
26	always	looks	parallel	33	man	hard	tried	particular	exactly	31	mapping	game	44	39	simply	cause	bottom	47	worth	35	stored	move	64	61	room	appears	vision	38	29
graphic	knows	options	checked	ago	names	150	graphical	april	worth	price	seattle	capabilities	highly	literature	offer	recommend	wa	wasn	explained	micro	helpful	92	206	recommendations	review	programmers	241	apparently	carpenter
couple	manual	open	bottom	across	top	none	ok	according	wide	mention	spatial	cut	third	handles	bars	rob
displaying	add	move	math	mouse	put	ok	x11	edit	41	graph	boxes	manipulate	capable	link	switzerland	possibility	federal
words	needs	done	whether	long	displaying	always	recently	looks	times	within	helps	cheap	structure	couple	pointers	didn	manual	believe	open	hard	motion	short	goes	takes	particular	exactly	add	won	international
na	considered	printing	grayscale
manual	31	mapping	44	stored	texture	laboratory	nothing	position	default	saving	650	noticed	planes	somewhere	carefully	orientation	3426	rules	psychology	positions	rule	3ds
bottom	ohio	generated	fashion	acs	buggy	magnus
words	enjoy	title	surfaces	38	eng	curves	geometry	netters	require	pages	matrix	allow	patch	topic	cut	whatever	locally	coordinate	gaussian	intelligent	qc	2nd	3480	flat	differential	montreal	hall	vanishing	isometric
done	game	fairly	smith	cso	joseph	illinois	ux4	320x200	rourke	13h	orourke	sophia	urbana	slow	b5l	c5n3x0	adamski	1993apr17	lucas	osprey	champaign
26	done	rumours	haven	believe	motion	services	depth	came	spot	expect	compact	isn	claim	movie	showing	show	plain	47	asked	gmt	64	trouble	nz	centris	highly	early	cpu	created	scaling
company	client	depth	129	location	description	design	201	title	modeling	job	position	floor	understanding	200	architecture	knowledge	required	45	experience	lee	ph	seri	gw	600	senior	june
times	came	tom	brian	philosophical	design	suggestions	significance	ulrich	toppoint	galki	six	td	couldn	nine	love	alice	duff	25335	att	forty
structure	acm	1992	geometric	york	dave	61	dimensional	29	australian	wa	western	triangulation	caspian	oz	zyeh	watson	natural	spatial	1985	isbn	yeh	zhenghao	derived	survey	405	tessellation	neighbor	mathematics	wiley
pl8	particular	5000	products	offers	na	recommendations	medical	brunel	se92psh	grayscale	hauke	purchasing	uxbridge
rumours	hard	motion	future	starting	van	worth	hand	date	manufacturers	rom	philips	boxes	compatible	third	media	agree	aimla	measurement	optimla	horsepower	reported
looks	goes	supposedly	65	four	otherwise	low	workstation	usual	command	responsible	upon	opinion	beware	fill	weitek	p9000	chips	buggy	depends	selling	rob
seattle	apply	netters	reads	ascii	produced	kevin	stein	thinning	character
26	rumours	company	particular	apr	depth	keep	future	twice	due	spot	expect	supposedly	claim	movie	showing	show	plain	asked	sound	qt	gmt	trouble	centris	cpu	fact	telling	capture	saw	nearly
whether	long	always	company	haven	believe	fractal	page	human	certainly	nova	everything	cause	effect	allen	seem	until	saying	models	explain	fractals	certain	51	started	guess	says	explained	devices	six	calculations
dave	wa	jpg	rigel	tamu	fullview	trident	preston
couple	references	western	reserve	areas	friend	cleveland	city	replies	willing	oh	implemented	thinning	freenet	segmentation	cwru	recognition	hela	requested	codes	operator	weeks	ins
york	transform	christopher	sci	mr	telnet	sdsu	sounds	accepted	dev	catalog
within	simon	determine	regards	bull	bound	hemel	scrowe	crowe
motion	labs	disclaimer	views	poster	necessarily	yuv	rick	watson	rgb	represents	ricky	turner
switch	cso	says	illinois	ux4	graph	ati	pro	error	urbana	states	win	gup	robertson	vlb	exit	megs	correctly	ultra	59
certainly	cause	enjoy	couldn	etna	eicn	2400
